{"initial_reset_timestamp": 1585410961.7046053, "timestamps": [1585410961.7145982, 1585410961.7235193, 1585410961.7322373, 1585410961.7418358, 1585410961.750808, 1585410961.760161, 1585410961.7697053, 1585410961.7790663, 1585410961.788755, 1585410961.7971523, 1585410961.807283, 1585410961.8177383, 1585410961.8267963, 1585410961.8355885, 1585410961.8439565, 1585410961.851881, 1585410961.8610857, 1585410961.8697467, 1585410961.8777914, 1585410961.8858411, 1585410961.894596, 1585410961.9034555, 1585410961.911547, 1585410961.9197693, 1585410961.9281542, 1585410961.9365165, 1585410961.944706, 1585410961.9532106, 1585410961.9614265, 1585410961.9697368, 1585410961.9783351, 1585410961.9864388, 1585410961.9951756, 1585410962.003901, 1585410962.0121028, 1585410962.020423, 1585410962.0287611, 1585410962.0372996, 1585410962.0456054, 1585410962.0537186, 1585410962.0618863, 1585410962.0701458, 1585410962.0785036, 1585410962.0872455, 1585410962.095485, 1585410962.103805, 1585410962.1121762, 1585410962.1207507, 1585410962.1291265, 1585410962.1385033, 1585410962.1468115, 1585410962.1550775, 1585410962.1633494, 1585410962.1715333, 1585410962.179855, 1585410962.1882672, 1585410962.1969156, 1585410962.2053971, 1585410962.2140386, 1585410962.2226915, 1585410962.2309031, 1585410962.2392635, 1585410962.2477355, 1585410962.2561595, 1585410962.2645233, 1585410962.2732842, 1585410962.281651, 1585410962.2900102, 1585410962.2985039, 1585410962.3071532, 1585410962.315553, 1585410962.3241768, 1585410962.3325994, 1585410962.340906, 1585410962.350816, 1585410962.3590972, 1585410962.3677883, 1585410962.3763301, 1585410962.3846526, 1585410962.39361, 1585410962.4024935, 1585410962.4123468, 1585410962.420778, 1585410962.4292579, 1585410962.438231, 1585410962.4466767, 1585410962.4553268, 1585410962.463714, 1585410962.472285, 1585410962.4808223, 1585410962.4891777, 1585410962.4976354, 1585410962.5059438, 1585410962.5142226, 1585410962.522769, 1585410962.5310504, 1585410962.5393682, 1585410962.5475388, 1585410962.556057, 1585410962.5654836], "episode_lengths": [200, 200, 200, 200, 200, 200, 200, 200, 200, 200, 200, 200, 200, 200, 200, 200, 200, 200, 200, 200, 200, 200, 200, 200, 200, 200, 200, 200, 200, 200, 200, 200, 200, 200, 200, 200, 200, 200, 200, 200, 200, 200, 200, 200, 200, 200, 200, 200, 200, 200, 200, 200, 200, 200, 200, 200, 200, 200, 200, 200, 200, 200, 200, 200, 200, 200, 200, 200, 200, 200, 200, 200, 200, 200, 200, 200, 200, 200, 200, 200, 200, 200, 200, 200, 200, 200, 200, 200, 200, 200, 200, 200, 200, 200, 200, 200, 200, 200, 200, 200], "episode_rewards": [200.0, 200.0, 200.0, 200.0, 200.0, 200.0, 200.0, 200.0, 200.0, 200.0, 200.0, 200.0, 200.0, 200.0, 200.0, 200.0, 200.0, 200.0, 200.0, 200.0, 200.0, 200.0, 200.0, 200.0, 200.0, 200.0, 200.0, 200.0, 200.0, 200.0, 200.0, 200.0, 200.0, 200.0, 200.0, 200.0, 200.0, 200.0, 200.0, 200.0, 200.0, 200.0, 200.0, 200.0, 200.0, 200.0, 200.0, 200.0, 200.0, 200.0, 200.0, 200.0, 200.0, 200.0, 200.0, 200.0, 200.0, 200.0, 200.0, 200.0, 200.0, 200.0, 200.0, 200.0, 200.0, 200.0, 200.0, 200.0, 200.0, 200.0, 200.0, 200.0, 200.0, 200.0, 200.0, 200.0, 200.0, 200.0, 200.0, 200.0, 200.0, 200.0, 200.0, 200.0, 200.0, 200.0, 200.0, 200.0, 200.0, 200.0, 200.0, 200.0, 200.0, 200.0, 200.0, 200.0, 200.0, 200.0, 200.0, 200.0], "episode_types": ["t", "t", "t", "t", "t", "t", "t", "t", "t", "t", "t", "t", "t", "t", "t", "t", "t", "t", "t", "t", "t", "t", "t", "t", "t", "t", "t", "t", "t", "t", "t", "t", "t", "t", "t", "t", "t", "t", "t", "t", "t", "t", "t", "t", "t", "t", "t", "t", "t", "t", "t", "t", "t", "t", "t", "t", "t", "t", "t", "t", "t", "t", "t", "t", "t", "t", "t", "t", "t", "t", "t", "t", "t", "t", "t", "t", "t", "t", "t", "t", "t", "t", "t", "t", "t", "t", "t", "t", "t", "t", "t", "t", "t", "t", "t", "t", "t", "t", "t", "t"]}